{
  "center": [
    0.3,
    3.899999999999994,
    1.7500000000000007
  ],
  "size": [
    23.699999999999946,
    2.5999999999999996,
    5.5
  ],
  "rpy": [
    61.0,
    -4.0,
    0.5
  ]
}