{
  "center": [
    1.2000000000000004,
    0.7500000000000001,
    -0.2
  ],
  "size": [
    12.79999999999997,
    2.0,
    1.0
  ],
  "rpy": [
    -19.0,
    0.0,
    0.0
  ]
}