{
  "center": [
    1.199999999999983,
    2.4000000000000017,
    0.7500000000000026
  ],
  "size": [
    3.100000000000026,
    2.3000000000000003,
    2.2000000000000055
  ],
  "rpy": [
    52.17000000000017,
    2.4999999999999982,
    3.3
  ]
}